{
  "name": "Sierra Leone Postal Zone Directory",
  "generated": "2026-01-12T00:00:00",
  "total_zones": 77,
  "summary": {
    "unique_postal_codes": 53,
    "districts": 16,
    "regions": 5,
    "segment_types": {
      "residential": 52,
      "commercial": 10,
      "mixed": 13,
      "government": 1
    }
  },
  "zones": [
    {"zone_code": "1000-001", "postal_code": "1000", "zone_name": "Waterloo Town", "district_name": "Western Area Rural", "region_name": "Western Area", "segment_type": "mixed", "centroid_lat": 8.3326, "centroid_lon": -13.0604},
    {"zone_code": "1000-002", "postal_code": "1000", "zone_name": "Waterloo Junction", "district_name": "Western Area Rural", "region_name": "Western Area", "segment_type": "commercial", "centroid_lat": 8.329, "centroid_lon": -13.0576},
    {"zone_code": "1001-001", "postal_code": "1001", "zone_name": "Newton", "district_name": "Western Area Rural", "region_name": "Western Area", "segment_type": "residential", "centroid_lat": 8.3644, "centroid_lon": -13.0768},
    {"zone_code": "1002-001", "postal_code": "1002", "zone_name": "Hastings", "district_name": "Western Area Rural", "region_name": "Western Area", "segment_type": "residential", "centroid_lat": 8.374, "centroid_lon": -13.1252},
    {"zone_code": "1003-001", "postal_code": "1003", "zone_name": "Grafton", "district_name": "Western Area Rural", "region_name": "Western Area", "segment_type": "residential", "centroid_lat": 8.389, "centroid_lon": -13.1468},
    {"zone_code": "1004-001", "postal_code": "1004", "zone_name": "Regent", "district_name": "Western Area Rural", "region_name": "Western Area", "segment_type": "residential", "centroid_lat": 8.414, "centroid_lon": -13.2116},
    {"zone_code": "1005-001", "postal_code": "1005", "zone_name": "Leicester", "district_name": "Western Area Rural", "region_name": "Western Area", "segment_type": "residential", "centroid_lat": 8.439, "centroid_lon": -13.1964},
    {"zone_code": "1006-001", "postal_code": "1006", "zone_name": "Gloucester", "district_name": "Western Area Rural", "region_name": "Western Area", "segment_type": "residential", "centroid_lat": 8.434, "centroid_lon": -13.2216},
    {"zone_code": "1007-001", "postal_code": "1007", "zone_name": "York", "district_name": "Western Area Rural", "region_name": "Western Area", "segment_type": "residential", "centroid_lat": 8.359, "centroid_lon": -13.2942},
    {"zone_code": "1008-001", "postal_code": "1008", "zone_name": "Tombo", "district_name": "Western Area Rural", "region_name": "Western Area", "segment_type": "residential", "centroid_lat": 8.209, "centroid_lon": -13.1042},
    {"zone_code": "1100-001", "postal_code": "1100", "zone_name": "Central Freetown CBD", "district_name": "Western Area Urban", "region_name": "Western Area", "segment_type": "commercial", "centroid_lat": 8.4787, "centroid_lon": -13.2283},
    {"zone_code": "1100-002", "postal_code": "1100", "zone_name": "Tower Hill", "district_name": "Western Area Urban", "region_name": "Western Area", "segment_type": "government", "centroid_lat": 8.4818, "centroid_lon": -13.229},
    {"zone_code": "1100-003", "postal_code": "1100", "zone_name": "Siaka Stevens Street", "district_name": "Western Area Urban", "region_name": "Western Area", "segment_type": "commercial", "centroid_lat": 8.477, "centroid_lon": -13.226},
    {"zone_code": "1101-001", "postal_code": "1101", "zone_name": "Cline Town", "district_name": "Western Area Urban", "region_name": "Western Area", "segment_type": "mixed", "centroid_lat": 8.4774, "centroid_lon": -13.1987},
    {"zone_code": "1101-002", "postal_code": "1101", "zone_name": "East End", "district_name": "Western Area Urban", "region_name": "Western Area", "segment_type": "residential", "centroid_lat": 8.4842, "centroid_lon": -13.195},
    {"zone_code": "1101-003", "postal_code": "1101", "zone_name": "Fourah Bay", "district_name": "Western Area Urban", "region_name": "Western Area", "segment_type": "mixed", "centroid_lat": 8.4886, "centroid_lon": -13.205},
    {"zone_code": "1102-001", "postal_code": "1102", "zone_name": "Congo Town", "district_name": "Western Area Urban", "region_name": "Western Area", "segment_type": "residential", "centroid_lat": 8.4912, "centroid_lon": -13.212},
    {"zone_code": "1102-002", "postal_code": "1102", "zone_name": "Foulah Town", "district_name": "Western Area Urban", "region_name": "Western Area", "segment_type": "residential", "centroid_lat": 8.4868, "centroid_lon": -13.221},
    {"zone_code": "1102-003", "postal_code": "1102", "zone_name": "Murray Town", "district_name": "Western Area Urban", "region_name": "Western Area", "segment_type": "residential", "centroid_lat": 8.4676, "centroid_lon": -13.266},
    {"zone_code": "1103-001", "postal_code": "1103", "zone_name": "Brookfields", "district_name": "Western Area Urban", "region_name": "Western Area", "segment_type": "residential", "centroid_lat": 8.46, "centroid_lon": -13.246},
    {"zone_code": "1103-002", "postal_code": "1103", "zone_name": "New England", "district_name": "Western Area Urban", "region_name": "Western Area", "segment_type": "residential", "centroid_lat": 8.4676, "centroid_lon": -13.2402},
    {"zone_code": "1103-003", "postal_code": "1103", "zone_name": "Tengbeh Town", "district_name": "Western Area Urban", "region_name": "Western Area", "segment_type": "residential", "centroid_lat": 8.4776, "centroid_lon": -13.2434},
    {"zone_code": "1104-001", "postal_code": "1104", "zone_name": "Hill Station", "district_name": "Western Area Urban", "region_name": "Western Area", "segment_type": "residential", "centroid_lat": 8.4536, "centroid_lon": -13.2644},
    {"zone_code": "1104-002", "postal_code": "1104", "zone_name": "Wilberforce", "district_name": "Western Area Urban", "region_name": "Western Area", "segment_type": "residential", "centroid_lat": 8.4416, "centroid_lon": -13.2706},
    {"zone_code": "1104-003", "postal_code": "1104", "zone_name": "Signal Hill", "district_name": "Western Area Urban", "region_name": "Western Area", "segment_type": "residential", "centroid_lat": 8.437, "centroid_lon": -13.278},
    {"zone_code": "1105-001", "postal_code": "1105", "zone_name": "Lumley", "district_name": "Western Area Urban", "region_name": "Western Area", "segment_type": "mixed", "centroid_lat": 8.4316, "centroid_lon": -13.286},
    {"zone_code": "1105-002", "postal_code": "1105", "zone_name": "Aberdeen", "district_name": "Western Area Urban", "region_name": "Western Area", "segment_type": "mixed", "centroid_lat": 8.4184, "centroid_lon": -13.2934},
    {"zone_code": "1105-003", "postal_code": "1105", "zone_name": "Cockle Bay", "district_name": "Western Area Urban", "region_name": "Western Area", "segment_type": "residential", "centroid_lat": 8.4112, "centroid_lon": -13.308},
    {"zone_code": "1106-001", "postal_code": "1106", "zone_name": "Goderich", "district_name": "Western Area Urban", "region_name": "Western Area", "segment_type": "residential", "centroid_lat": 8.4058, "centroid_lon": -13.318},
    {"zone_code": "1106-002", "postal_code": "1106", "zone_name": "Juba", "district_name": "Western Area Urban", "region_name": "Western Area", "segment_type": "residential", "centroid_lat": 8.4446, "centroid_lon": -13.302},
    {"zone_code": "1106-003", "postal_code": "1106", "zone_name": "Lakka", "district_name": "Western Area Urban", "region_name": "Western Area", "segment_type": "residential", "centroid_lat": 8.3884, "centroid_lon": -13.328},
    {"zone_code": "1107-001", "postal_code": "1107", "zone_name": "Kissy", "district_name": "Western Area Urban", "region_name": "Western Area", "segment_type": "residential", "centroid_lat": 8.487, "centroid_lon": -13.183},
    {"zone_code": "1107-002", "postal_code": "1107", "zone_name": "Kissy Brook", "district_name": "Western Area Urban", "region_name": "Western Area", "segment_type": "residential", "centroid_lat": 8.472, "centroid_lon": -13.179},
    {"zone_code": "1107-003", "postal_code": "1107", "zone_name": "Kissy Mess Mess", "district_name": "Western Area Urban", "region_name": "Western Area", "segment_type": "residential", "centroid_lat": 8.4554, "centroid_lon": -13.1734},
    {"zone_code": "1108-001", "postal_code": "1108", "zone_name": "Wellington", "district_name": "Western Area Urban", "region_name": "Western Area", "segment_type": "residential", "centroid_lat": 8.487, "centroid_lon": -13.1626},
    {"zone_code": "1108-002", "postal_code": "1108", "zone_name": "Portee", "district_name": "Western Area Urban", "region_name": "Western Area", "segment_type": "residential", "centroid_lat": 8.4916, "centroid_lon": -13.1556},
    {"zone_code": "1109-001", "postal_code": "1109", "zone_name": "Calaba Town", "district_name": "Western Area Urban", "region_name": "Western Area", "segment_type": "residential", "centroid_lat": 8.4994, "centroid_lon": -13.1452},
    {"zone_code": "1109-002", "postal_code": "1109", "zone_name": "Allen Town", "district_name": "Western Area Urban", "region_name": "Western Area", "segment_type": "residential", "centroid_lat": 8.5042, "centroid_lon": -13.1348},
    {"zone_code": "1110-001", "postal_code": "1110", "zone_name": "Kingtom", "district_name": "Western Area Urban", "region_name": "Western Area", "segment_type": "mixed", "centroid_lat": 8.48, "centroid_lon": -13.256},
    {"zone_code": "1110-002", "postal_code": "1110", "zone_name": "Kroo Town", "district_name": "Western Area Urban", "region_name": "Western Area", "segment_type": "residential", "centroid_lat": 8.4976, "centroid_lon": -13.207},
    {"zone_code": "2100-001", "postal_code": "2100", "zone_name": "Makeni City Center", "district_name": "Bombali", "region_name": "Northern Province", "segment_type": "commercial", "centroid_lat": 8.889, "centroid_lon": -12.0504},
    {"zone_code": "2100-002", "postal_code": "2100", "zone_name": "Makeni Teko", "district_name": "Bombali", "region_name": "Northern Province", "segment_type": "residential", "centroid_lat": 8.875, "centroid_lon": -12.0446},
    {"zone_code": "2101-001", "postal_code": "2101", "zone_name": "Kamabai", "district_name": "Bombali", "region_name": "Northern Province", "segment_type": "residential", "centroid_lat": 9.1126, "centroid_lon": -12.1676},
    {"zone_code": "2102-001", "postal_code": "2102", "zone_name": "Binkolo", "district_name": "Bombali", "region_name": "Northern Province", "segment_type": "residential", "centroid_lat": 9.0074, "centroid_lon": -12.0334},
    {"zone_code": "2200-001", "postal_code": "2200", "zone_name": "Falaba Town", "district_name": "Falaba", "region_name": "Northern Province", "segment_type": "mixed", "centroid_lat": 9.8558, "centroid_lon": -11.3176},
    {"zone_code": "2201-001", "postal_code": "2201", "zone_name": "Mongo", "district_name": "Falaba", "region_name": "Northern Province", "segment_type": "residential", "centroid_lat": 9.769, "centroid_lon": -11.3034},
    {"zone_code": "2300-001", "postal_code": "2300", "zone_name": "Kabala Town", "district_name": "Koinadugu", "region_name": "Northern Province", "segment_type": "mixed", "centroid_lat": 9.589, "centroid_lon": -11.5504},
    {"zone_code": "2301-001", "postal_code": "2301", "zone_name": "Yogomaia", "district_name": "Koinadugu", "region_name": "Northern Province", "segment_type": "residential", "centroid_lat": 9.5126, "centroid_lon": -11.4656},
    {"zone_code": "2400-001", "postal_code": "2400", "zone_name": "Magburaka Town", "district_name": "Tonkolili", "region_name": "Northern Province", "segment_type": "mixed", "centroid_lat": 8.719, "centroid_lon": -11.9504},
    {"zone_code": "2401-001", "postal_code": "2401", "zone_name": "Yele", "district_name": "Tonkolili", "region_name": "Northern Province", "segment_type": "residential", "centroid_lat": 8.539, "centroid_lon": -11.8304},
    {"zone_code": "2402-001", "postal_code": "2402", "zone_name": "Mile 91", "district_name": "Tonkolili", "region_name": "Northern Province", "segment_type": "commercial", "centroid_lat": 8.4626, "centroid_lon": -12.0834},
    {"zone_code": "2500-001", "postal_code": "2500", "zone_name": "Kamakwie", "district_name": "Karene", "region_name": "Northern Province", "segment_type": "mixed", "centroid_lat": 9.4926, "centroid_lon": -12.2334},
    {"zone_code": "3100-001", "postal_code": "3100", "zone_name": "Kambia Town", "district_name": "Kambia", "region_name": "North West Province", "segment_type": "mixed", "centroid_lat": 9.1258, "centroid_lon": -12.9176},
    {"zone_code": "3101-001", "postal_code": "3101", "zone_name": "Rokupr", "district_name": "Kambia", "region_name": "North West Province", "segment_type": "residential", "centroid_lat": 9.0358, "centroid_lon": -12.9504},
    {"zone_code": "3200-001", "postal_code": "3200", "zone_name": "Port Loko Town", "district_name": "Port Loko", "region_name": "North West Province", "segment_type": "mixed", "centroid_lat": 8.769, "centroid_lon": -12.7834},
    {"zone_code": "3201-001", "postal_code": "3201", "zone_name": "Lunsar", "district_name": "Port Loko", "region_name": "North West Province", "segment_type": "commercial", "centroid_lat": 8.6826, "centroid_lon": -12.5334},
    {"zone_code": "3202-001", "postal_code": "3202", "zone_name": "Lungi", "district_name": "Port Loko", "region_name": "North West Province", "segment_type": "mixed", "centroid_lat": 8.6126, "centroid_lon": -13.1904},
    {"zone_code": "4100-001", "postal_code": "4100", "zone_name": "Bo City Center", "district_name": "Bo", "region_name": "Southern Province", "segment_type": "commercial", "centroid_lat": 7.9658, "centroid_lon": -11.7376},
    {"zone_code": "4100-002", "postal_code": "4100", "zone_name": "Bo New London", "district_name": "Bo", "region_name": "Southern Province", "segment_type": "residential", "centroid_lat": 7.9526, "centroid_lon": -11.7304},
    {"zone_code": "4101-001", "postal_code": "4101", "zone_name": "Koribondo", "district_name": "Bo", "region_name": "Southern Province", "segment_type": "residential", "centroid_lat": 7.7058, "centroid_lon": -11.5334},
    {"zone_code": "4200-001", "postal_code": "4200", "zone_name": "Bonthe Town", "district_name": "Bonthe", "region_name": "Southern Province", "segment_type": "mixed", "centroid_lat": 7.5358, "centroid_lon": -12.5004},
    {"zone_code": "4201-001", "postal_code": "4201", "zone_name": "Mattru Jong", "district_name": "Bonthe", "region_name": "Southern Province", "segment_type": "mixed", "centroid_lat": 7.6226, "centroid_lon": -11.8334},
    {"zone_code": "4300-001", "postal_code": "4300", "zone_name": "Moyamba Town", "district_name": "Moyamba", "region_name": "Southern Province", "segment_type": "mixed", "centroid_lat": 8.1626, "centroid_lon": -12.4304},
    {"zone_code": "4301-001", "postal_code": "4301", "zone_name": "Shenge", "district_name": "Moyamba", "region_name": "Southern Province", "segment_type": "residential", "centroid_lat": 7.8858, "centroid_lon": -12.7876},
    {"zone_code": "4400-001", "postal_code": "4400", "zone_name": "Pujehun Town", "district_name": "Pujehun", "region_name": "Southern Province", "segment_type": "mixed", "centroid_lat": 7.3526, "centroid_lon": -11.7176},
    {"zone_code": "4401-001", "postal_code": "4401", "zone_name": "Zimmi", "district_name": "Pujehun", "region_name": "Southern Province", "segment_type": "residential", "centroid_lat": 7.2926, "centroid_lon": -11.3576},
    {"zone_code": "5100-001", "postal_code": "5100", "zone_name": "Kailahun Town", "district_name": "Kailahun", "region_name": "Eastern Province", "segment_type": "mixed", "centroid_lat": 8.279, "centroid_lon": -10.5734},
    {"zone_code": "5101-001", "postal_code": "5101", "zone_name": "Pendembu", "district_name": "Kailahun", "region_name": "Eastern Province", "segment_type": "residential", "centroid_lat": 8.0926, "centroid_lon": -10.7034},
    {"zone_code": "5102-001", "postal_code": "5102", "zone_name": "Segbwema", "district_name": "Kailahun", "region_name": "Eastern Province", "segment_type": "residential", "centroid_lat": 7.9926, "centroid_lon": -10.9434},
    {"zone_code": "5200-001", "postal_code": "5200", "zone_name": "Kenema City Center", "district_name": "Kenema", "region_name": "Eastern Province", "segment_type": "commercial", "centroid_lat": 7.879, "centroid_lon": -11.1904},
    {"zone_code": "5200-002", "postal_code": "5200", "zone_name": "Kenema Nyandehun", "district_name": "Kenema", "region_name": "Eastern Province", "segment_type": "residential", "centroid_lat": 7.8646, "centroid_lon": -11.1834},
    {"zone_code": "5201-001", "postal_code": "5201", "zone_name": "Blama", "district_name": "Kenema", "region_name": "Eastern Province", "segment_type": "residential", "centroid_lat": 7.8826, "centroid_lon": -11.1304},
    {"zone_code": "5202-001", "postal_code": "5202", "zone_name": "Panguma", "district_name": "Kenema", "region_name": "Eastern Province", "segment_type": "residential", "centroid_lat": 8.0026, "centroid_lon": -11.1634},
    {"zone_code": "5300-001", "postal_code": "5300", "zone_name": "Koidu City Center", "district_name": "Kono", "region_name": "Eastern Province", "segment_type": "commercial", "centroid_lat": 8.6458, "centroid_lon": -10.9676},
    {"zone_code": "5300-002", "postal_code": "5300", "zone_name": "Koidu New Sembehun", "district_name": "Kono", "region_name": "Eastern Province", "segment_type": "residential", "centroid_lat": 8.6326, "centroid_lon": -10.9604},
    {"zone_code": "5301-001", "postal_code": "5301", "zone_name": "Yengema", "district_name": "Kono", "region_name": "Eastern Province", "segment_type": "residential", "centroid_lat": 8.5926, "centroid_lon": -10.9834},
    {"zone_code": "5302-001", "postal_code": "5302", "zone_name": "Tombodu", "district_name": "Kono", "region_name": "Eastern Province", "segment_type": "residential", "centroid_lat": 8.7058, "centroid_lon": -10.8434}
  ]
}
